id,last_name,email,gender,department,start_date,salary,job_title,region_id
1,Kelley,rkelley0@soundcloud.com,Female,Computers,10/2/2009,67470,Structural Engineer,2
2,Armstrong,sarmstrong1@infoseek.co.jp,Male,Sports,3/31/2008,71869,Financial Advisor,2
3,Carr,fcarr2@woothemes.com,Male,Automotive,7/12/2009,101768,Recruiting Manager,3
4,Murray,jmurray3@gov.uk,Female,Jewelery,12/25/2014,96897,Desktop Support Technician,3
5,Ellis,jellis4@sciencedirect.com,Female,Grocery,9/19/2002,63702,Software Engineer III,7
6,Phillips,bphillips5@time.com,Male,Tools,8/21/2013,118497,Executive Secretary,1
7,Williamson,rwilliamson6@ted.com,Male,Computers,5/14/2006,65889,Dental Hygienist,6
8,Harris,aharris7@ucoz.com,Female,Toys,8/12/2003,84427,Safety Technician I,4
9,James,rjames8@prnewswire.com,Male,Jewelery,9/7/2005,108657,Sales Associate,2
10,Sanchez,rsanchez9@cloudflare.com,Male,Movies,3/13/2013,108093,Sales Representative,1
11,Jacobs,jjacobsa@sbwire.com,Female,Jewelery,11/27/2003,121966,Community Outreach Specialist,7
12,Black,mblackb@edublogs.org,Male,Clothing,2/4/2003,44179,Data Coordiator,7
13,Schmidt,sschmidtc@state.gov,Male,Baby,10/13/2002,85227,Compensation Analyst,3
14,Webb,awebbd@baidu.com,Female,Computers,10/22/2006,59763,Software Test Engineer III,4
15,Jacobs,ajacobse@google.it,Female,Games,3/4/2007,141139,Community Outreach Specialist,7
16,Medina,smedinaf@amazonaws.com,Female,Baby,3/14/2008,106659,Web Developer III,1
17,Morgan,dmorgang@123-reg.co.uk,Female,Kids,5/4/2011,148952,Programmer IV,6
18,Nguyen,jnguyenh@google.com,Male,Home,11/3/2014,93804,Geologist II,5
19,Day,rdayi@chronoengine.com,Male,Electronics,9/22/2004,109890,VP Sales,3
20,Carr,dcarrj@ocn.ne.jp,Female,Movies,11/22/2007,115274,VP Quality Control,5
21,Bryant,sbryantk@wunderground.com,Female,Industrial,8/12/2005,78052,Software Consultant,3
22,Alexander,kalexanderl@marketwatch.com,Male,Automotive,12/26/2011,144724,Marketing Assistant,2
23,Chapman,jchapmanm@archive.org,Female,Jewelery,4/12/2001,126103,Senior Developer,4
24,Kelly,ekellyn@weibo.com,Male,Garden,6/29/2006,144965,Nurse Practicioner,2
25,Stephens,jstephenso@ow.ly,Male,Toys,6/4/2004,70613,Business Systems Development Analyst,1
26,Porter,vporterp@yelp.com,Female,Home,5/30/2011,90746,Dental Hygienist,2
27,Owens,cowensq@shareasale.com,Female,Home,5/26/2005,78698,Executive Secretary,2
28,Scott,cscottr@sphinn.com,Female,Books,3/2/2008,63336,Sales Representative,4
29,Price,cprices@usa.gov,Female,Clothing,7/5/2013,95436,Quality Engineer,3
30,Weaver,dweavert@shinystat.com,Male,Beauty,2/17/2012,83144,Account Representative III,2
31,Willis,hwillisu@army.mil,Female,Tools,10/21/2012,113507,Accountant I,7
32,Torres,ltorresv@amazon.de,Male,Games,4/7/2014,78245,Nuclear Power Engineer,6
33,Greene,wgreenew@blogspot.com,Male,Movies,3/21/2000,87057,Assistant Manager,1
34,Reed,areedx@cisco.com,Male,Movies,11/28/2002,120579,Assistant Media Planner,6
35,Smith,bsmithy@statcounter.com,Female,Books,6/13/2013,94884,Librarian,7
36,Bradley,nbradleyz@goodreads.com,Male,Outdoors,12/28/2008,107222,Payment Adjustment Coordinator,3
37,Cruz,rcruz10@blinklist.com,Female,Home,5/20/2000,61739,Quality Engineer,1
38,Williamson,dwilliamson11@rediff.com,Female,Garden,1/25/2012,82026,Nurse,2
39,Kennedy,skennedy12@rediff.com,Male,Baby,7/2/2011,79339,Civil Engineer,1
40,Hawkins,phawkins13@twitpic.com,Female,Clothing,8/20/2011,76809,Quality Engineer,6
41,Allen,jallen14@ustream.tv,Female,Baby,5/10/2001,89680,Web Developer III,6
42,Watkins,mwatkins15@wiley.com,Male,Computers,4/1/2008,125668,Executive Secretary,7
43,Ferguson,mferguson16@qq.com,Male,Sports,5/29/2009,82960,Account Representative III,6
44,Simmons,asimmons17@csmonitor.com,Male,Movies,12/21/2013,113857,Developer III,2
45,Nguyen,mnguyen18@biblegateway.com,Male,Automotive,1/24/2002,108378,Electrical Engineer,7
46,Lawrence,jlawrence19@linkedin.com,Male,Outdoors,12/11/2011,133424,Junior Executive,7
47,Oliver,joliver1a@cnbc.com,Female,Clothing,8/30/2013,42797,Software Engineer III,5
48,Johnson,jjohnson1b@usgs.gov,Male,Computers,4/26/2004,134940,Financial Advisor,4
49,Crawford,hcrawford1c@dell.com,Male,Home,12/21/2008,119471,Editor,6
50,Armstrong,parmstrong1d@hc360.com,Female,Automotive,3/16/2010,89969,Senior Editor,4
51,Dixon,jdixon1e@dot.gov,Male,Baby,9/26/2006,106281,Senior Developer,3
52,Snyder,ssnyder1f@ca.gov,Female,Kids,9/26/2002,141678,Design Engineer,3
53,Coleman,dcoleman1g@dedecms.com,Male,Computers,6/14/2008,110839,Automation Specialist I,1
54,Reed,sreed1h@intel.com,Female,Toys,4/15/2001,84275,VP Marketing,5
55,Ross,jross1i@infoseek.co.jp,Male,Automotive,4/21/2004,71363,Environmental Tech,3
56,Watkins,kwatkins1j@youtu.be,Male,Garden,12/2/2002,93680,VP Accounting,3
57,Allen,jallen1k@google.cn,Female,Outdoors,11/20/2000,73755,Geologist II,3
58,Baker,jbaker1l@usnews.com,Male,Games,3/2/2007,68857,Information Systems Manager,2
59,Garcia,vgarcia1m@deviantart.com,Female,Health,3/19/2002,48360,Registered Nurse,6
60,Lane,elane1n@un.org,Male,Outdoors,7/15/2004,104896,Financial Advisor,5
61,Watson,cwatson1o@paypal.com,Female,Tools,8/10/2009,81870,Occupational Therapist,7
62,Boyd,aboyd1p@artisteer.com,Male,Automotive,5/29/2007,69936,Senior Editor,7
63,Young,hyoung1q@cisco.com,Female,Grocery,12/11/2007,138844,Mechanical Systems Engineer,6
64,Cooper,tcooper1r@umich.edu,Male,Garden,11/12/2011,139796,Office Assistant IV,1
65,Jordan,jjordan1s@about.me,Female,Automotive,1/27/2000,86939,Tax Accountant,3
66,Rodriguez,lrodriguez1t@narod.ru,Male,Beauty,9/27/2003,141949,Product Engineer,4
67,Mills,jmills1u@printfriendly.com,Female,Grocery,8/8/2004,114200,Senior Sales Associate,7
68,Coleman,kcoleman1v@360.cn,Male,Beauty,9/2/2012,121378,Web Developer I,7
69,Stewart,dstewart1w@usnews.com,Male,Toys,8/22/2000,148144,Data Coordiator,4
70,Jordan,ajordan1x@moonfruit.com,Female,Games,11/13/2004,93839,Database Administrator III,2
71,Vasquez,evasquez1y@behance.net,Male,Baby,10/20/2002,77285,Operator,6
72,Knight,tknight1z@weibo.com,Female,Music,10/13/2002,135688,Statistician I,4
73,Palmer,ipalmer20@newsvine.com,Male,Sports,4/3/2002,78828,Director of Sales,2
74,Washington,jwashington21@squidoo.com,Female,Home,7/11/2000,47206,Programmer III,3
75,Sanchez,dsanchez22@blog.com,Female,Outdoors,10/6/2013,78157,Senior Financial Analyst,1
76,Grant,egrant23@prlog.org,Female,Electronics,7/23/2000,49296,Software Test Engineer II,6
77,Daniels,ndaniels24@google.ca,Male,Tools,2/7/2013,139061,Environmental Specialist,3
78,Medina,jmedina25@dot.gov,Female,Games,9/16/2005,114989,Marketing Assistant,3
79,Cunningham,acunningham26@simplemachines.org,Male,Clothing,9/15/2002,88345,Junior Executive,6
80,Little,klittle27@un.org,Male,Music,9/12/2001,114647,Editor,5
81,Welch,jwelch28@1und1.de,Male,Outdoors,7/24/2004,118514,Accounting Assistant III,5
82,Gilbert,hgilbert29@xrea.com,Female,Home,5/11/2003,93712,Junior Executive,7
83,George,ageorge2a@gmpg.org,Male,Industrial,5/2/2009,86373,Compensation Analyst,7
84,Hughes,mhughes2b@youtube.com,Male,Kids,1/28/2013,122110,Structural Engineer,6
85,Williams,jwilliams2c@businesswire.com,Female,Games,3/26/2006,95542,Nurse,2
86,Martinez,wmartinez2d@barnesandnoble.com,Female,Outdoors,5/25/2013,131392,Systems Administrator II,2
87,Hamilton,hhamilton2e@google.de,Male,Music,10/23/2010,98401,VP Quality Control,1
88,Gomez,jgomez2f@mtv.com,Female,Tools,9/19/2004,103806,Accounting Assistant I,3
89,Webb,awebb2g@springer.com,Male,Health,4/10/2014,73686,Tax Accountant,2
90,Thomas,tthomas2h@webnode.com,Male,Games,11/3/2011,55002,Research Assistant IV,6
91,Wallace,swallace2i@state.tx.us,Male,Baby,3/7/2005,65216,Registered Nurse,4
92,Ortiz,aortiz2j@jigsy.com,Female,Automotive,6/22/2010,113231,Senior Editor,7
93,Knight,nknight2k@cafepress.com,Female,Electronics,4/3/2014,125847,Chemical Engineer,5
94,Hunt,thunt2l@twitpic.com,Female,Music,5/31/2000,140430,Senior Cost Accountant,2
95,Franklin,sfranklin2m@wordpress.com,Male,Movies,11/6/2013,117105,VP Quality Control,5
96,Mason,wmason2n@xrea.com,Male,Beauty,2/21/2004,96673,Accounting Assistant I,1
97,Williams,wwilliams2o@berkeley.edu,Female,Games,3/14/2013,79267,VP Quality Control,7
98,Freeman,lfreeman2p@tiny.cc,Female,Kids,10/11/2007,109154,Accountant I,4
99,Palmer,ipalmer2q@youku.com,Female,Books,4/24/2002,138815,Physical Therapy Assistant,3
100,Bell,rbell2r@utexas.edu,Male,Sports,8/3/2007,68210,Registered Nurse,4
